1;ALDEIA DIGITAL/249-E.M.DAMIAO-MEDEIROS-P5164-172.25.5.20
2;ALDEIA DIGITAL/249-GINASIO-A.MEDINA-P5142-172.25.5.19
3;ALDEIA DIGITAL/ACUDE-E.M.MARIO-VILANI-P5146-172.25.4.32
4;ALDEIA DIGITAL/ACUDE-E.M.PAULO-VI-P5151-172.25.4.35
5;ALDEIA DIGITAL/AÇUDE-PRAÇA-P5156-172.25.4.36
6;ALDEIA DIGITAL/AERO-C.E.SERGIPE-P5152-172.25.2.81
7;ALDEIA DIGITAL/AERO-KARTVR-P5084-172.25.2.77
8;ALDEIA DIGITAL/AERO-PTP-SEC-SERV.PUBLICO-COM-CAVIANA-172.25.1.201
9;ALDEIA DIGITAL/AERO-PTP-SEC.-SERV-PUBLICO-COM-AGUA-LIMPA-172.25.1.210
10;ALDEIA DIGITAL/AERO-SECRETARIA-S.PUBLICO-P5137-172.25.2.80
11;ALDEIA DIGITAL/AGUA-LIMPA-5021-PTP-RESERVATORIO-DE-AGUA-COM-SERV.PUBLICO-172.25.1.211
12;ALDEIA DIGITAL/AGUA-LIMPA-PRAÇA-RIO-APA-P5074-172.25.1.193
13;ALDEIA DIGITAL/AGUA-LIMPA-RESERVATORIO-DE-AGUA-P5170-172.25.1.192
14;ALDEIA DIGITAL/AGUA-LIMPA-RUA-VISCONDE-DO-RIO-BRANCO-P5070-172.25.1.182
15;ALDEIA DIGITAL/AMARAL-PEIXOTO-SWITCH-11-AMARAL-PEIXOTO-172.25.2.251
16;ALDEIA DIGITAL/AMARAL-PEIXOTO/SANTANDER-P5062-172.25.2.62
17;ALDEIA DIGITAL/AMARAL-PEIXOTO/SAO-JOAO-CASA-E-VIDEO-P5077-172.25.2.61
18;ALDEIA DIGITAL/AMARAL-PEIXOTO/SAO-JOAO-GATEWAY-P5104-172.25.2.60
19;ALDEIA DIGITAL/ATERRADO-5024-PTP-PMVR-COM-TIM-MORADA-DA-COLINA-172.25.1.206
20;ALDEIA DIGITAL/ATERRADO-5945-PTP-PMVR-COM-TIM-CEMITERIO-172.25.1.208
21;ALDEIA DIGITAL/ATERRADO-6083-PTP-PMVR-COM-TIM-RETIRO-172.25.1.202
22;ALDEIA DIGITAL/ATERRADO-CAIS-P5120-172.25.1.89
23;ALDEIA DIGITAL/ATERRADO-ESTADIO-CIDADANIA-P5163-172.25.1.92
24;ALDEIA DIGITAL/ATERRADO-PMVR-FRENTE-P5058-172.25.1.91
25;ALDEIA DIGITAL/ATERRADO-PREDIO-PMVR-P5125-172.25.1.90
26;ALDEIA DIGITAL/ATERRADO-SALA
27;ALDEIA DIGITAL/ATERRADO-SECRE-DE-MUNICI-SAUDE-P5120-172.25.1.89
28;ALDEIA DIGITAL/ATERRADO-SWITCH-08-ALDEIA-RACK-172.25.1.188
29;ALDEIA DIGITAL/ATERRADO-SWITCH-09-RADIOS-EPD-172.25.1.240
30;ALDEIA DIGITAL/BARREIRA-CRAVO-ROTATORIA-P5128-172.25.3.63
31;ALDEIA DIGITAL/BARREIRA-CRAVO-RUA-NICANOR-T.CARVALHO-P5166-172.25.3.24
32;ALDEIA DIGITAL/BEIRA-RIO-CAMPO-P-5078-172.25.4.16
33;ALDEIA DIGITAL/BEIRA-RIO-RUA-LARANJEIRAS-P5100-172.25.4.23
34;ALDEIA DIGITAL/BELA-VISTA-SWITCH-01-SAAE-BELA-VISTA-172.25.5.252
35;ALDEIA DIGITAL/BELO-HORIZONTE-E.M.CEARA-P5081-172.25.4.29
36;ALDEIA DIGITAL/BELO-HORIZONTE-E.M.FERNANDO-DE-NORONHA-P5130-172.25.4.11
37;ALDEIA DIGITAL/BELO-HORIZONTE-E.M.RUBENS-MACHADO-P5115-172.25.4.10
38;ALDEIA DIGITAL/BELO-HORIZONTE-FERNANDO-DE-NORONHA-5130-172.25.4.111
39;ALDEIA DIGITAL/BELVEDERE- RUA-G-GUIMARAES-P5088-172.25.2.24
40;ALDEIA DIGITAL/CAIERAS-RUA-DAVID-NASSER-P5059-172.25.3.152
41;ALDEIA DIGITAL/CAIERAS-RUA-E.M.MATO-GROSSO-P5109-172.25.3.150
42;ALDEIA DIGITAL/CAIERAS-RUA-NASCIMENTO-BRITO-P5094-172.25.3.151
43;ALDEIA DIGITAL/CANDELARIA-E-M-ENG-SERGIO ROCHA-P5055-172.25.1.219
44;ALDEIA DIGITAL/CANDELARIA-NO-RUA-LETICIA-P5057-172.25.1.118
45;ALDEIA DIGITAL/CANDELARIA-PTP-CANDELARIA-COM-CAVIANA-172.25.1.247
46;ALDEIA DIGITAL/CANDELARIA-RUA-A-P5075-172.25.1.125
47;ALDEIA DIGITAL/CANDELARIA-RUA-F1-P5066-172.25.1.56
48;ALDEIA DIGITAL/CANDELARIA-SWITCH-10-CANDELARIA-172.25.1.247
49;ALDEIA DIGITAL/CASA-DE-PEDRA-RUA-721-P5108-172.25.2.121
50;ALDEIA DIGITAL/COMERCIAL-ROTATORIA-COMERCIAL-P5071
51;ALDEIA DIGITAL/CONFORTO-RUA-2-P5080-172.25.5.8
52;ALDEIA DIGITAL/DOM-BOSCO-CRAS-P5155-172.25.3.153
53;ALDEIA DIGITAL/EUCALIPTAL-E-M-JOAO-HAASIS-P5148-172.25.5.9
54;ALDEIA DIGITAL/EUCALIPTAL-ESC-JULIO-CARUSO-P5122-172.25.5.7
55;ALDEIA DIGITAL/ILHA-PARQUE-P.JOAO-STREVA-P5060-172.25.3.90
56;ALDEIA DIGITAL/ILHA-SAO-JOAO-MINI-ESTADIO-ILHA-P5097-172.25.3.70
57;ALDEIA DIGITAL/ILHA-SAO-JOAO-POSTE-1-P5056-172.25.3.71
58;ALDEIA DIGITAL/JARDIM-AMALIA-ROTATORIA-R-MIGUEL-COUTO-P5116-172.25.2.24
59;ALDEIA DIGITAL/JARDIM-NORMANDIA-NO-PREDIO-P5135-172.25.2.28
60;ALDEIA DIGITAL/JARDIM-NORMANDIA-SANTA-HELENA-P5152-172.25.2.31
61;ALDEIA DIGITAL/LARANJAL-RODOVIARIA-P5744-172.25.5.25
62;ALDEIA DIGITAL/MORADA-DA-COLINA-TORRE-TIM-P4985-172.25.1.22
63;ALDEIA DIGITAL/MORADA-DA-COLINA-TORRE-TIM-P4997-172.25.1.20
64;ALDEIA DIGITAL/MORADA-DA-COLINA-TORRE-TIM-P5000-172.25.1.21
65;ALDEIA DIGITAL/PADRE-JOSIMO-PAINEL-FABRICA-DE-BOLAS-P4984-172.25.1.185
66;ALDEIA DIGITAL/PARQUE-DAS-ILHAS-PRAÇA-AYRTON-SENNA-P5113-172.25.3.79
67;ALDEIA DIGITAL/RETIRO-BEIRA-RIO-CAMPO-P5078-172.25.4.16
68;ALDEIA DIGITAL/RETIRO-BEIRA-RIO-POSTE-SUBIDA-JARAGUA-P5168-172.25.4.25
69;ALDEIA DIGITAL/RETIRO-BEIRA-RIO-RUA-LARANJEIRAS-P5100-172.25.4.23
70;ALDEIA DIGITAL/RETIRO-CEMITERIO-P4988-172.25.4.17
71;ALDEIA DIGITAL/RETIRO-CEMITERIO-P4998-172.25.4.18
72;ALDEIA DIGITAL/RETIRO-CEMITERIO-P5001-172.25.4.16
73;ALDEIA DIGITAL/RETIRO-E-M-AMAZONAS-P5112-172.25.4.7
74;ALDEIA DIGITAL/RETIRO-E-M-JOAO-PIO-P5165-172.25.4.8
75;ALDEIA DIGITAL/RETIRO-E-M-JOAOXXIII-P5139-172.25.4.59
76;ALDEIA DIGITAL/RETIRO-E-M-PARA-P5138-172.25.1.50
77;ALDEIA DIGITAL/RETIRO-MK-03-GOLF-RETIRO-741-742-172.25.4.233
78;ALDEIA DIGITAL/RETIRO-MKT-5914-TIM-RETIRO-172.25.1.248
79;ALDEIA DIGITAL/RETIRO-MKT-5919-TIM-CEMITERIO-172.25.1.244
80;ALDEIA DIGITAL/RETIRO-PTP-TORRE-TV-COM-PADRE-JOSIMO-172.25.1.216
81;ALDEIA DIGITAL/RETIRO-PTP-TORRE-TV-COM-SANTA-CRUZ-172.25.1.220
82;ALDEIA DIGITAL/RETIRO-SUBIDA-DA-JARAGUÁ-P5068-172.25.4.25
83;ALDEIA DIGITAL/RETIRO-SWITCH-4774-TORRE-DE-TV-172.25.4.252
84;ALDEIA DIGITAL/RETIRO-TORRE-TIM-P4980-172.25.1.14
85;ALDEIA DIGITAL/RETIRO-TORRE-TIM-P4987-172.25.1.13
86;ALDEIA DIGITAL/RETIRO-TORRE-TIM-P4995-172.25.1.15
87;ALDEIA DIGITAL/RETIRO-TORRE-TV-P4982-172.25.4.4
88;ALDEIA DIGITAL/RETIRO-TORRE-TV-P4993-172.25.4.2
89;ALDEIA DIGITAL/RETIRO-TORRE-TV-P5003-172.25.4.3
90;ALDEIA DIGITAL/RODOVIARIA-MK-01-CIOSP-541-542-172.25.2.233
91;ALDEIA DIGITAL/RODOVIARIA-MK-02-CIOSP-901-902-172.25.1.233
92;ALDEIA DIGITAL/ROMA-E.M.NILTON-PENA-BOTELHO-P5174-172.25.2.9
93;ALDEIA DIGITAL/ROMA-IRACEMA-NADER-P5071-172.25.2.127
94;ALDEIA DIGITAL/ROMA-POSTO-R-METALURGICOS-P5068-172.25.2.98
95;ALDEIA DIGITAL/ROMA-PTP-ROMA-COM-TORRE-TV-172.25.1.215
96;ALDEIA DIGITAL/ROMA-RUA-ARARAS-P5150-172.25.2.11
97;ALDEIA DIGITAL/ROMA-RUA-FAISÃO-P5102-172.25.2.170
98;ALDEIA DIGITAL/ROMA-SAAE-P5157-172.25.2.16
99;ALDEIA DIGITAL/RUSTICO-CAMPO--172.25.5.18
100;ALDEIA DIGITAL/RUSTICO-UBS-P5734-172.25.5.17
101;ALDEIA DIGITAL/SANTA-CRUZ-COND-INGA BLOCO-JKL-P5083-172.25.3.36
102;ALDEIA DIGITAL/SANTA-CRUZ-COND-INGA-BLOCO-BCD-P5069-172.25.3.37
103;ALDEIA DIGITAL/SANTA-CRUZ-E-M-PROF-LUND-FERNADES-VILLELA-P5117-172.25.3.20
104;ALDEIA DIGITAL/SANTA-CRUZ-E-M-WALMIR-MONTEIRO-P5110-172.25.3.15
105;ALDEIA DIGITAL/SANTA-CRUZ-E.M.LUND-VILELA-P5117-172.25.3.20
106;ALDEIA DIGITAL/SANTA-CRUZ-E.M.WALDIR-BEDE-P5160-172.25.3.16
107;ALDEIA DIGITAL/SANTA-CRUZ-E.M.WALMIR-MONTEIRO-P5110-172.25.3.15
108;ALDEIA DIGITAL/SANTA-CRUZ-ENTRADA-COND-INGA-P5087-172.25.3.35
109;ALDEIA DIGITAL/SANTA-CRUZ-MAJOR-ANIBAL-P5121-172.25.3.22
110;ALDEIA DIGITAL/SANTA-CRUZ-PRACA-JOSE-RODRIGUES-P5145-172.25.3.19
111;ALDEIA DIGITAL/SANTA-CRUZ-PTP-SANTA-CRUZ-COM-TORRE-TV-172.25.1.221-ou-223
112;ALDEIA DIGITAL/SANTA-CRUZ-RUA-CAMPOS-DO-JORDAO-P-P5171-172.25.3.17
113;ALDEIA DIGITAL/SANTA-CRUZ-RUA-MAJOR-ANIBAL-P5121-172.25.3.21
114;ALDEIA DIGITAL/SANTA-CRUZ-RUA-PANTALEAO-NUNES-P-P5156-172.25.3.19
115;ALDEIA DIGITAL/SANTA-CRUZ-RUA-SANTA-CATARINA-P5092-172.25.3.22
116;ALDEIA DIGITAL/SANTA-CRUZ-SANTA-CATARINA-P5088-172.25.3.21
117;ALDEIA DIGITAL/SANTA-CRUZ-SWITCH-06-TIM-SANTA-CRUZ-172.25.3.252
118;ALDEIA DIGITAL/SANTA-CRUZ-TORRE-TIM-P4999-172.25.3.2
119;ALDEIA DIGITAL/SANTA-CRUZ-TORRE-TIM-P4999/5002-172.25.3.2/172.25.3.3
120;ALDEIA DIGITAL/SANTA-CRUZ-TORRE-TIM-P5002-172.25.3.1
121;ALDEIA DIGITAL/SANTA-CRUZ-UBSF-P5095-172.25.3.49
122;ALDEIA DIGITAL/SANTA-RITA-DO-ZARUR-E-M-PROF-WLADYR-BEDE-P5160-172.25.3.16
123;ALDEIA DIGITAL/SANTA-RITA-DO-ZARUR-E.M.PROF-WALDIR-BEDE-P5160-172.25.3.16
124;ALDEIA DIGITAL/SANTA-RITA-DO-ZARUR-RUA-CAMPOS-DO-JORDAO-P5172-172.25.3.17
125;ALDEIA DIGITAL/SANTA-RITA-DO-ZARUR-RUA-CAMPOS-DO-JORDAO-P5172-172.25.3.17
126;ALDEIA DIGITAL/SANTO-AGOSTINHO-6086-PTP-CAVIANA-COM-SEC-SERV.PUBLICO-172.25.1.123
127;ALDEIA DIGITAL/SANTO-AGOSTINHO-CAMPO-ASA-NEGRA-P5065-172.25.3.81
128;ALDEIA DIGITAL/SANTO-AGOSTINHO-E-M-JAYME-MARTINS-P5168-172.25.3.124
129;ALDEIA DIGITAL/SANTO-AGOSTINHO-E.M.JAYME-MARTINS-P5155-172.25.3.7
130;ALDEIA DIGITAL/SANTO-AGOSTINHO-GINASIO-DARCICE-JOSE-DE-CARVALHO-P5142-172.25.3.145
131;ALDEIA DIGITAL/SANTO-AGOSTINHO-MKT-5930-TIM-CAVIANA-172.25.1.245
132;ALDEIA DIGITAL/SANTO-AGOSTINHO-POSTE-RUA-180-P5086-172.25.3.100
133;ALDEIA DIGITAL/SANTO-AGOSTINHO-PTP-CAVIANA-COM-CANDELARIA-172.25.1.212
134;ALDEIA DIGITAL/SANTO-AGOSTINHO-Q.ASA-NEGRA-I-P5065-172.25.3.81
135;ALDEIA DIGITAL/SANTO-AGOSTINHO-REP-TIM-CAVIANA-P-4981-172.25.1.11
136;ALDEIA DIGITAL/SANTO-AGOSTINHO-REP-TIM-CAVIANA-P-4986-172.25.1.12
137;ALDEIA DIGITAL/SANTO-AGOSTINHO-REP-TIM-CAVIANA-P-4989-172.25.1.10
138;ALDEIA DIGITAL/SANTO-AGOSTINHO-REP-TIM-CAVIANA-P-4992-172.25.1.10
139;ALDEIA DIGITAL/SANTO-AGOSTINHO-REP-TIM-CAVIANA-P-5004-172.25.1.12
140;ALDEIA DIGITAL/SANTO-AGOSTINHO-RUA-1024-P5073-172.25.3.9
141;ALDEIA DIGITAL/SANTO-AGOSTINHO-RUA-180-P5084-172.25.3.10
142;ALDEIA DIGITAL/SANTO-AGOSTINHO-TIM-CAVIANA-P4992/4981/4986
143;ALDEIA DIGITAL/SAO-JOAO-E-M-GETULIO-VARGAS-P5158-172.25.2.7
144;ALDEIA DIGITAL/SAO-JOAO-E.M.GETULIO-VARGAS-P5158-172.25.2.7
145;ALDEIA DIGITAL/SAO-JOAO-PRACA-JOAO-GOULART-P5079-172.25.2.55
146;ALDEIA DIGITAL/SAO-JOAO-PRAÇA-JOAO-GOULART-P5082-172.25.2.55
147;ALDEIA DIGITAL/SAO-LUIZ-CAMARA-JUAREZ-ANTUNES-P5106-172.25.3.91
148;ALDEIA DIGITAL/SAO-LUIZ-CAMARA-JUAREZ-ANTUNES-P5112-172.25.3.101
149;ALDEIA DIGITAL/SAO-LUIZ-PRAÇA-MARIA-DA-CONCEIÇAO-P5147-172.25.3.102
150;ALDEIA DIGITAL/SAO-LUIZ-RUA-CELIO-W-MOREIRA-P5137-172.25.3.166
151;ALDEIA DIGITAL/SESSENTA-PRACA-EX-CAMBATENTES-P5136-172.25.5.37
152;ALDEIA DIGITAL/SESSENTA-PRAÇA-PANDIA-CALOGERAS-P5133-172.25.5.6
153;ALDEIA DIGITAL/SIDERLANDIA-MODULO-ODONTO-P5732-172.25.4.187
154;ALDEIA DIGITAL/SIDERLANDIA-MODULO-ODONTO-P5732-172.25.4.187
155;ALDEIA DIGITAL/SIDEROPOLIS-UBS-P5745-172.25.2.52
156;ALDEIA DIGITAL/TIRADENTES-C-E-MARIA-ROSA-P5127-172.25.2.138
157;ALDEIA DIGITAL/TIRADENTES-TORRE-TIM-P4991-172.25.2.3
158;ALDEIA DIGITAL/TIRADENTES-TORRE-TIM-P4994-172.25.2.2
159;ALDEIA DIGITAL/TIRADENTES-TORRE-TIM-P4996-172.25.2.4
160;ALDEIA DIGITAL/TRES-POCOS-COND-PENHE-MARCHETEIN-TRES-POCOS-P5167-172.25.3.41
161;ALDEIA DIGITAL/TRES-POCOS-E.M.GRACIEMA-COURA-P5105-172.25.3.23
162;ALDEIA DIGITAL/TRES-POCOS-E.M.MARIZINHA-FELIZ-P5132-172.25.3.14
163;ALDEIA DIGITAL/TRES-POCOS-PRACA-COLORADO-P5107-172.25.3.25
164;ALDEIA DIGITAL/TRES-POCOS-PRACA-JOSE-TEIXEIRA-P5064-172.25.3.11
165;ALDEIA DIGITAL/VILA-BRASILIA-CENTRO-ODONTO-P5131
166;ALDEIA DIGITAL/VILA-BRASILIA-CENTRO-ODONTO-P5131-172.25.4.45
167;ALDEIA DIGITAL/VILA-BRASILIA-E-M-MARIA-CARRARO-P5082-172.25.1.19
168;ALDEIA DIGITAL/VILA-BRASILIA-E.M.MARIA-CARRARO-P5141-172.25.4.14
169;ALDEIA DIGITAL/VILA-BRASILIA-ENTRADA-DO-BAIRRO-COQUEIROS-P5749-172.25.4.201
170;ALDEIA DIGITAL/VILA-MK-04-GOLF-VILA-841-842-172.25.5.233
171;ALDEIA DIGITAL/VILA-MURY-PRACA-LIONS-CLUB-P5063-172.25.4.50
172;ALDEIA DIGITAL/VILA-MURY-UBSF-FERNANDO-MARIO-NETO-P????-172.25.4.27
173;ALDEIA DIGITAL/VILA-MURY-UBSF-P5139-172.25.4.27
174;ALDEIA DIGITAL/VILA-RICA-PRAÇA-JOAQUIM-NOGUEIRA-P5098-172.25.2.48
175;ALDEIA DIGITAL/VILA-RICA-RUA-16-P5119-172.25.2.50
176;ALDEIA DIGITAL/VILA-RICA-RUA-22-P5089-172.25.2.49
177;ALDEIA DIGITAL/VILA-RICA-RUA-27-P5127-172.25.2.51
178;ALDEIA DIGITAL/VILA-RICA-TIRADENTES-POSTE-01-RUA-22-P5089-172.25.2.49
179;ALDEIA DIGITAL/VILA-RICA-TIRADENTES-POSTE-05-RUA-16-P5119-172.25.2.50
180;ALDEIA DIGITAL/VILA-RICA-TIRADENTES-RUA-06-P5099-172.25.2.54
181;ALDEIA DIGITAL/VILA-RICA-TIRADENTES-RUA-27-P5155-172.25.2.51
182;ALDEIA DIGITAL/VILA-RICA-TIRADENTES-SWITCH-07-TIM-TIRADENTES-172.25.2.252
183;ALDEIA DIGITAL/VILA-RICA-TIRADENTES-UBSF-P5118-172.25.2.47
184;ALDEIA DIGITAL/VILA-RICA-UBSF-P5118-172.25.2.4
185;ALDEIA DIGITAL/VILA-SANTA-CECILIA-BIBLIOTECA-MUNICIPAL-P5076-172.25.5.9
186;ALDEIA DIGITAL/VILA-SANTA-CECILIA-GOLF-SAMU-VILA-P5111-172.25.5.4
187;ALDEIA DIGITAL/VILA-SANTA-CECILIA-MERCADO-MUNICIPAL-P5064-172.25.5.13
188;ALDEIA DIGITAL/VILA-SANTA-CECILIA-POSTE-RUA-33-P5149-172.25.5.5
189;ALDEIA DIGITAL/VILA-SANTA-CECILIA-PRAÇA-BRASIL-P5111-172.25.5.10
190;ALDEIA DIGITAL/VILA-SANTA-CECILIA-RUA-14-P5086-172.25.5.10
191;ALDEIA DIGITAL/VILA-SANTA-CECILIA-RUA-14-P5086-172.25.5.4
192;ALDEIA DIGITAL/VILA-SANTA-CECILIA-RUA-33-P5149-172.25.5.5
193;ALDEIA DIGITAL/VILA-SANTA-CECILIA-SAAE-BOA-VISTA-P4989/5004-172.25.5.2/172.25.53
194;ALDEIA DIGITAL/VISTA-VERDE-RUA-46-P5173-172.25.2.21
195;ALDEIA DIGITAL/VISTA-VERDE-RUA-46-P5173-172.25.2.21
196;ALDEIA DIGITAL/VOLDAC-MK-05-HILTON-ROCHA-641-642-172.25.3.233
197;ALDEIA DIGITAL/VOLDAC-RUA-SEBASTIANA-TAMBASCO-P5106-172.25.3.86
198;ALDEIA DIGITAL/VOLDAC-RUA-SEBATIANA-TAMBASCO-P5106-172.25.3.86
199;ALDEIA DIGITAL/VOLTA-GRANDE-POSTE-RUA-1024-V-GRANDE-P5073-172.25.3.9
200;ALDEIA DIGITAL/VOLTA-GRANDE-RUA-1021-P5170-172.25.3.82
201;CÂMARA MUNICIPAL/ALMOXARIFADO
202;CÂMARA MUNICIPAL/DIVISÃO DE EXPEDIENTE
203;CÂMARA MUNICIPAL/GABINETE DO VEREADOR
204;CÂMARA MUNICIPAL/RECEPÇÃO
205;CENTRAL DE ATENDIMENTO UNICO - CAU
206;COHAB/ALMOXARIFADO
207;COHAB/COORD.TECNICA DE INFORMATICA
208;COHAB/DCAG
209;COHAB/DEPARTAMENTO ADMINISTRATIVO
210;COHAB/DEPARTAMENTO JURÍDICO
211;COHAB/DEPARTAMENTO PESSOAL/RECURSOS HUMANOS
212;COHAB/DIV.GERAL DE ADMINISTRACAO
213;COHAB/DIVISAO DE INFORMATICA
214;COHAB/DIVISÃO DE NEGÓCIOS
215;COHAB/DNFM
216;COHAB/GABINETE
217;COHAB/SETOR FINANCEIRO
218;COHAB/TESOURARIA
219;DEFESA CIVIL / ADMINISTRAÇÃO
220;DEFESA CIVIL/GERAL
221;E.P.D./ADMINISTRACAO
222;E.P.D./ASSESSORIA COMERCIAL
223;E.P.D./DEPARTAMENTO TECNICO
224;E.P.D./DIVISAO DE DESENVOLVIMENTO
225;E.P.D./EMPRESA DE PROCESSAMENTO DE DADOS DE VOLTA REDONDA
226;E.P.D./ONIBUS DIGITAL
227;E.P.D./PARQUIMETRO 01
228;E.P.D./PARQUIMETRO 02
229;E.P.D./PARQUIMETRO 03
230;E.P.D./PARQUIMETRO 04
231;E.P.D./PARQUIMETRO 05
232;E.P.D./PARQUIMETRO 06
233;E.P.D./PARQUIMETRO 07
234;E.P.D./PARQUIMETRO 08
235;E.P.D./PARQUIMETRO 09
236;E.P.D./PARQUIMETRO 10
237;E.P.D./PARQUIMETRO 100
238;E.P.D./PARQUIMETRO 11
239;E.P.D./PARQUIMETRO 12
240;E.P.D./PARQUIMETRO 13
241;E.P.D./PARQUIMETRO 14
242;E.P.D./PARQUIMETRO 15
243;E.P.D./PARQUIMETRO 16
244;E.P.D./PARQUIMETRO 17
245;E.P.D./PARQUIMETRO 18
246;E.P.D./PARQUIMETRO 19
247;E.P.D./PARQUIMETRO 20
248;E.P.D./PARQUIMETRO 21
249;E.P.D./PARQUIMETRO 22
250;E.P.D./PARQUIMETRO 23
251;E.P.D./PARQUIMETRO 24
252;E.P.D./PARQUIMETRO 25
253;E.P.D./PARQUIMETRO 26
254;E.P.D./PARQUIMETRO 27
255;E.P.D./PARQUIMETRO 28
256;E.P.D./PARQUIMETRO 29
257;E.P.D./PARQUIMETRO 30
258;E.P.D./PARQUIMETRO 31
259;E.P.D./PARQUIMETRO 32
260;E.P.D./PARQUIMETRO 33
261;E.P.D./PARQUIMETRO 34
262;E.P.D./PARQUIMETRO 35
263;E.P.D./PARQUIMETRO 36
264;E.P.D./PARQUIMETRO 37
265;E.P.D./PARQUIMETRO 38
266;E.P.D./PARQUIMETRO 39
267;E.P.D./PARQUIMETRO 40
268;E.P.D./PARQUIMETRO 41
269;E.P.D./PARQUIMETRO 43
270;E.P.D./PARQUIMETRO 44
271;E.P.D./PARQUIMETRO 45
272;E.P.D./PARQUIMETRO 46
273;E.P.D./PARQUIMETRO 47
274;E.P.D./PARQUIMETRO 48
275;E.P.D./PARQUIMETRO 49
276;E.P.D./PARQUIMETRO 50
277;E.P.D./PARQUIMETRO 51
278;E.P.D./PARQUIMETRO 52
279;E.P.D./PARQUIMETRO 53
280;E.P.D./PARQUIMETRO 54
281;E.P.D./PARQUIMETRO 55
282;E.P.D./PARQUIMETRO 56
283;E.P.D./PARQUIMETRO 57
284;E.P.D./PARQUIMETRO 58
285;E.P.D./PARQUIMETRO 59
286;E.P.D./PARQUIMETRO 60
287;E.P.D./PARQUIMETRO 61
288;E.P.D./PARQUIMETRO 62
289;E.P.D./PARQUIMETRO 63
290;E.P.D./PARQUIMETRO 64
291;E.P.D./PARQUIMETRO 65
292;E.P.D./PARQUIMETRO 66
293;E.P.D./PARQUIMETRO 67
294;E.P.D./PARQUIMETRO 68
295;E.P.D./PARQUIMETRO 69
296;E.P.D./PARQUIMETRO 70
297;E.P.D./PARQUIMETRO 71
298;E.P.D./PARQUIMETRO 72
299;E.P.D./PARQUIMETRO 73
300;E.P.D./PARQUIMETRO 74
301;E.P.D./PARQUIMETRO 75
302;E.P.D./PARQUIMETRO 76
303;E.P.D./PARQUIMETRO 77
304;E.P.D./PARQUIMETRO 78
305;E.P.D./PARQUIMETRO 79
306;E.P.D./PARQUIMETRO 80
307;E.P.D./PARQUIMETRO 81
308;E.P.D./PARQUIMETRO 82
309;E.P.D./PARQUIMETRO 83
310;E.P.D./PARQUIMETRO 84
311;E.P.D./PARQUIMETRO 85
312;E.P.D./PARQUIMETRO 86
313;E.P.D./PARQUIMETRO 87
314;E.P.D./PARQUIMETRO 88
315;E.P.D./PARQUIMETRO 89
316;E.P.D./PARQUIMETRO 90
317;E.P.D./PARQUIMETRO 91
318;E.P.D./PARQUIMETRO 92
319;E.P.D./PARQUIMETRO 93
320;E.P.D./PARQUIMETRO 94
321;E.P.D./PARQUIMETRO 95
322;E.P.D./PARQUIMETRO 96
323;E.P.D./PARQUIMETRO 97
324;E.P.D./PARQUIMETRO 98
325;E.P.D./PARQUIMETRO 99
326;E.P.D./RECURSOS HUMANOS
327;F.B.G./ABRIGO CONFORTO
328;F.B.G./ABRIGO NITERÓI
329;F.B.G./ABRIGO NOSSO ESPAÇO
330;F.B.G./ABRIGO RAIO DE SOL
331;F.B.G./ABRIGO RETIRO
332;F.B.G./ABRIGO VALE VERDE
333;F.B.G./ADMINISTRACAO
334;F.B.G./ALMOXARIFADO PATRIMONIO
335;F.B.G./ASSESSORIA ADMINISTRATIVA
336;F.B.G./ASSESSORIA EDUCACIONAL
337;F.B.G./ASSESSORIA JURIDICA
338;F.B.G./ASSESSORIA REC. HUMANOS
339;F.B.G./CENTRAL DE ABASTECIMENTO
340;F.B.G./COZINHA CENTRAL
341;F.B.G./DEPARTAMENTO EDUCACIONAL
342;F.B.G./DIVISAO DE CONTABILIDADE
343;F.B.G./DIVISAO DE CULTURA E LAZER
344;F.B.G./DIVISAO DE PESSOAL
345;F.B.G./DIVISÃO DE PRODUÇÃO
346;F.B.G./DIVISAO PROFISSIONALIZANTE
347;F.B.G./EDUCACIONAL
348;F.B.G./INCLUSÃO DIGITAL - MERCADO POPULAR VILA SANTA CECÍLIA (QUIOSQUE)
349;F.B.G./INFORMÁTICA
350;F.B.G./LAN HOUSE
351;F.B.G./LICITAÇÃO
352;F.B.G./NOSSO ESPACO
353;F.B.G./OUTROS
354;F.B.G./PEDAGÓGICO
355;F.B.G./PRESIDENCIA
356;F.B.G./PROJETO NOTA 10
357;F.B.G./RAIO DE SOL
358;F.B.G./RENASCER
359;F.B.G./SECRETARIA
360;F.B.G./SECRETARIA GERAL
361;F.B.G./SECRETARIA TÉCNICA
362;F.B.G./SERVIÇO SOCIAL
363;F.B.G./SIDERLANDIA
364;FEVRE/ACADEMIA DA VIDA
365;FEVRE/ADMINISTRAÇÃO
366;FEVRE/ASSESSORIA TECNICA
367;FEVRE/Centro de Qualificacao Profissional
368;FEVRE/CHEFIA DE GABINETE
369;FEVRE/COL.GETULIO VARGAS- ADMINISTRACAO
370;FEVRE/COL.JOAO XXIII - ADMINISTRACAO/PEDAGOGICA
371;FEVRE/COL.JOAO XXIII- ADMINISTRACAO
372;FEVRE/COL.PROF.DELCE HORTA DELGADO - ADMINISTRACAO
373;FEVRE/COL.PROF.DELCE HORTA DELGADO - PEDAGOGICO
374;FEVRE/COLÉGIO DELCE HORTA/FAETEC
375;FEVRE/COLÉGIO GETÚLIO VARGAS - SECRETARIA
376;FEVRE/COLÉGIO JOÃO XXIII - SECRETARIA
377;FEVRE/DEPARTAMENTO PESSOAL - DRH
378;FEVRE/DIRETORIA EXECUTIVA
379;FEVRE/DIVISÃO ADMINISTRATIVA
380;FEVRE/DIVISÃO DE MATERIAIS
381;FEVRE/ESC. JOSE BOTELHO DA ATHAYDE- ADMINISTRACAO
382;FEVRE/ESC.PROF.THEMIS DE ALMEIDA VIEIRA - PEDAGOGICO
383;FEVRE/ESC.PROF.THEMIS DE ALMEIDA VIEIRA- ADMINISTRACAO
384;FEVRE/ESC.PROF.THEMIS DE ALMEIDA VIEIRA- MECANOGRAFIA
385;FEVRE/ESCOLA PROF.THEMIS DE ALMEIDA- BIBLIOTECA
386;FEVRE/FAETEC - GETÚLIO VARGAS
387;FEVRE/FAETEC- DELCE HORTA
388;FEVRE/SECRETARIA
389;FEVRE/SEDE ADMINISTRATIVA
390;FEVRE/SETOR JURÍDICO
391;FEVRE/TESOURARIA
392;FURBAN/ADMNISTRATIVO
393;FURBAN/ASSESSORIA JURÍDICA
394;FURBAN/D.G.A.
395;FURBAN/DIRETORIA FINANCEIRA
396;FURBAN/DIRETORIA TÉCNICA
397;FURBAN/DRH/SETOR DE PESSOAL
398;FURBAN/FUNDO COMUNITARIO DE VOLTA REDONDA
399;FURBAN/GERÊNCIA ADMINISTRATIVA
400;FURBAN/GTT - GRUPO DE TRABALHO DA TITULAÇÃO
401;FURBAN/RECEPÇÃO
402;FURBAN/SETOR DE EXPEDIENTE
403;HMR/ADMINISTRAÇÃO
404;HMR/ASSESSORIA TECNICA
405;HMR/CENTRO OFTALMOLÓGICO
406;HMR/CLÍNICA MÉDICA
407;HMR/COMPRAS
408;HMR/DRH
409;HMR/FARMÁCIA
410;HMR/FATURAMENTO
411;HMR/GERENCIA DE ADMINISTRACAO HOSP
412;HMR/HOSPITAL DO RETIRO
413;HMR/INFORMÁTICA
414;HMR/INTERNAÇÕES
415;HMR/LABORATÓRIO
416;HMR/PRONTO SOCORRO
417;HMR/RAIO X
418;HMR/RECEPÇÃO
419;HMR/SALA DOS MÉDICOS
420;HMR/SUPERVISÃO DE ENFERMAGEM
421;HMR/SUPERVISAO SUPRIMENTOS
422;HMR/TELEFONIA
423;HMR/ULTRA SOM
424;HSJB/ADMINISTRAÇÃO
425;HSJB/DIRETORIA
426;HSJB/INFORMÁTICA
427;HSJB/INTERNAÇÃO
428;HSJB/RECEPÇÃO
429;HSJB/SALA DAS ENFERMEIRAS
430;HSJB/SERVIÇOS GERAIS
431;HSJB/TESOURARIA
432;IPPU/BIBLIOTECA
433;IPPU/DEPTO ADMINISTRATIVO
434;IPPU/DEPTO DE ARQUITETURA
435;IPPU/DEPTO DE ENGENHARIA
436;IPPU/DEPTO FINANCEIRO
437;IPPU/DIPLAN
438;IPPU/DIRETORIA ADM/FINANCEIRA
439;IPPU/DIRETORIA DE ARQUIT/ENGENHARIA
440;IPPU/DIRETORIA DE INFORMACOES
441;IPPU/DIRETORIA DE PLANEJAMENTO
442;IPPU/DIRETORIA EXECUTIVA
443;IPPU/DIVISAO DE RECURSOS HUMANOS
444;IPPU/DIVISAO DE TESOURARIA
445;IPPU/DIVISAO DE TOPOGRAFIA
446;IPPU/GABINETE DA PRESIDENCIA
447;IPPU/IPPUVR
448;IPPU/PLANEJAMENTO
449;IPPU/PLANO DIRETOR
450;OCR/207-RUA-207-SENTIDO-CENTRO-PC-44-A-10.28.32.72-
451;OCR/209-RUA-209-SENTIDO-DUTRA-PC-44-10.28.32.70-117 705 328
452;OCR/AERO-BD-8-RADIAL-LESTE-PC-15-10.25.32.17-193 270 622
453;OCR/AMARAL-PEIXEOTO-BD-20-VIADUTO-HEITOR-LEITE-FRANCO-MERGULHAO-PC-30-10.25.32.18-117 765 878
454;OCR/AMARAL-PEIXOTO-BD-37-VIADUTO-AMARAL-PEIXOTO-POSTO-JK-PC-52
455;OCR/ATERRADO-BD--PONTE-DR-MURILO-CESAR-PC-12--
456;OCR/ATERRADO-BD-13-DELEGACIA-DA-POLICIA-FEDERAL-DPF-999-10.11.1.15-117 377 252
457;OCR/ATERRADO-BD-19-VIADUTO-NOSSA-SENHORA-DAS-GRACAS-PC-31-10.13.1.230-125 146 272
458;OCR/ATERRADO-BD-35-PONTE-PEQUETITO-AMORIM-PC-13-10.25.32.73-
459;OCR/BELMONTE-BD--MINEIROS-PRES-KENNEDY-PC-47--
460;OCR/CONFORTO-BD-4-AV-NOSSA-SENHORA-DA-CONCEIAO-PC-84-10.28.14.15-127 737 903
461;OCR/CONFORTO-BD-6-ROTATORA-209-VILA-PC-42-10.28.32.16-193 787 222
462;OCR/DOM-BOSCO-BD--BEIRA-RIO-SOB-PT-BR-393-PC-22--
463;OCR/DOM-BOSCO-BD--HERMES-FONSECA-N-RAMOS-PC-29--
464;OCR/ILHA-SAO-JOAO-BD-21-SEGUNDA-PONTE-DA-ILHA-SAO-JOAO-PC-83-10.26.32.19-117 120 611
465;OCR/JARDIM-AMALIA-BD--RUA-CEL-CAMILO-A-PEREIRA-PC-52-A--
466;OCR/LARANJAL-BD-03-AV.-TRABALHADORES-RODOVIARIA-PC---
467;OCR/NITEROI-BD--AV-DEODATO-PIRES-SENTIDO-AERO-PC-14-2--
468;OCR/NITEROI-BD-10-COLEGIO-SANTOS-DUMONT-PC-29-1-10.26.32.18-128 668 721
469;OCR/NITEROI-BD-9-BATALHAO-PM-PC-29-2-10.26.32.15-128 780 959
470;OCR/PONTE-ALTA-BD--BEIRA-RIO-PM-SENTIDO-BM-PP-03--
471;OCR/PONTE-ALTA-BD-5-VIADUTO-PONTE-ALTA-PC-40-10.28.32.15-127 790 298
472;OCR/PONTE-BD--SERGIO-BRAGA-SENTIDO-BM-PC-37--
473;OCR/RETIRO-BD-1-COLEGIO-JOAO-XXIII-PP-09-10.27.32.15-127 655 786
474;OCR/RETIRO-BD-15-SUBPREFEITURA-PC-04-10.27.32.75-237 333 305
475;OCR/RETIRO-BD-2-AV-SAVIO-GAMA-PC-10-10.27.9.70-127 685 200
476;OCR/RETIRO-BD-34-AV.-SAVIO-GAMA-COM-PITAGORAS-HC-PC-97-10.27.32.80-617 993 889
477;OCR/RETIRO-BD-36-AV-ANTONIO-DE-ALMEIDA-FINAL-RETIRO-PC-48-10.27.32.20-299 427 808
478;OCR/RETIRO-BD-38-COIMBRA-TRANSMONTANA-RETIRO-PC-98-10.27.32.215-209 100 368
479;OCR/RETIRO-BD-42-AV.-CEARA-COM-AV.GEN.-EUCLIDES-PC-48-A--
480;OCR/RETIRO-BEIRA-RIO-BD-17-BEIRA-RIO-RUA-COMERCIO-PC-05-41.27.32.71-
481;OCR/RETIRO-BEIRA-RIO-BD-18-JARAGUA-BEIRA-RIO-PC-06-10.27.32.70-
482;OCR/ROMA-BD-39-ROD.-DOS-METALURGICOS-FRENTE-ABREU-ROMA-PC-82--
483;OCR/ROMA-I-BD-7-ROMA-I-PP-07-10.25.32.15-653 713 386
484;OCR/SANTA-CRUZ-BD--CAETANO-ARCURI-SPONELLI-PP-02--
485;OCR/SANTA-INES-BD--RUA-JOAO-DE-CARVALHO-PC-36--
486;OCR/SANTA-RITA-DE-CASSIA-BD-22-ENTRADA-SANTA-RITA-DE-CASSIA-PC-01-10.27.32.90-160 906 248
487;OCR/SAO-GERALDO-BD--TREVO-SAO-GERALDO-PC-32--
488;OCR/SAO-LUIZ-BD--FRANCISCO-C-TORRES-PC-23--
489;OCR/SAO-LUIZ-BD-41-SAO-LUIZ-SAO-SEBASTIAO-PC-21--
490;OCR/SESSENTA-BD--TREVO-RUA-60-ESQUINA-RUA-62-PC-34--
491;OCR/TRES-POCOS-BD--AV-PAULO-ERLEI-A-ABRANTES-PC-17-A--
492;OCR/TRES-POCOS-BD-27-AV-PAULO-ERLEI-A-ABRANTES-ENTRADA-UNIFOA-PC-18-10.26.32.30-441 365 101
493;OCR/TRES-POCOS-BD-32-AV-PAULO-ERLEI-A-ABRANTE-ENTRADA-DE-TRES-POCOS-PC-17-10.25.32.5-343 953 066
494;OCR/VILA-AMERICANA-BD--R-ARGENTINA-BOLIVIA-PC-16--
495;OCR/VILA-BRASILIA-BD-26-ENTRADA-DO-BAIRRO-VILA-BRASILIA-PC-26-10.27.32.85-503 259 374
496;OCR/VILA-MURY-BD--CEARA-EUCLIDES-FIGUEIREDO-PC-48-A--
497;OCR/VILA-RICA-BD-11-ROD-TANCREDO-NEVES-PP-06-10.25.32.16-193 530 322
498;PGM/DÍVIDA ATIVA
499;PGM/PROCURADORIA GERAL DO MUNICIPIO
500;PGM/SALA DO PROCURADOR
501;PGM/SECRETARIA
502;PMVR/CGM/CONTROLADORIA GERAL DO MUNICIPIO
503;PMVR/EGP (Prédio SEPLAG)
504;PMVR/GEGOV/AGENDA 21 (ED.PLAZA)
505;PMVR/GEGOV/ASSESSORIA DE COMUNICACAO SOCIAL
506;PMVR/GEGOV/BANCO DE FOMENTO
507;PMVR/GEGOV/BARRACÃO BLOCO DA VIDA
508;PMVR/GEGOV/CEDERJ
509;PMVR/GEGOV/CGC - CENTRAL GERAL DE COMPRAS
510;PMVR/GEGOV/CONSELHO MUNICIPAL DA CRIANÇA
511;PMVR/GEGOV/CONSELHO MUNICIPAL DA CRIANCA E DO ADOLESCENTE
512;PMVR/GEGOV/CONSELHO MUNICIPAL DE SAÚDE
513;PMVR/GEGOV/CONSELHO MUNICIPAL DO IDOSO
514;PMVR/GEGOV/CONSELHO TUTELAR
515;PMVR/GEGOV/CONSELHO TUTELAR 2 - RETIRO
516;PMVR/GEGOV/CONSÓRCIO MÉDIO PARAÍBA
517;PMVR/GEGOV/COORDENADORIA DA JUVENTUDE
518;PMVR/GEGOV/DEPARTAMENTO DE ADMINISTRACAO - SMG
519;PMVR/GEGOV/DETRAN
520;PMVR/GEGOV/DETRAN/ATERRADO
521;PMVR/GEGOV/DETRAN/GETÚLIO VARGAS
522;PMVR/GEGOV/DGA
523;PMVR/GEGOV/DIVISAO DE ADMINISTRACAO - SMG
524;PMVR/GEGOV/FÁBRICA DE MATERIAL ESPORTIVO
525;PMVR/GEGOV/FUNDO MUNICIPAL PARA INFÂNCIA E ADOLESCÊNCIA
526;PMVR/GEGOV/GABINETE DO SECRETARIO - SMG
527;PMVR/GEGOV/GABINETE PREFEITO
528;PMVR/GEGOV/GABINETE VICE PREFEITO
529;PMVR/GEGOV/GABINETE VICE PREFEITO
530;PMVR/GEGOV/I.F.P.
531;PMVR/GEGOV/INSPETORIA GERAL DE CONTROLE INTERNO
532;PMVR/GEGOV/INSTITUTO BIO SOCIAL
533;PMVR/GEGOV/JUNTA DE SERVICO MILITAR
534;PMVR/GEGOV/PROCON
535;PMVR/GEGOV/PROJOVEM URBANO
536;PMVR/GEGOV/RESTAURANTE POPULAR
537;PMVR/GEGOV/SECAO DE EXPEDIENTE - DGA
538;PMVR/GEGOV/SECRETARIA MUNICIPAL DE GOVERNO
539;PMVR/GEGOV/SMG - SUPLEMENTAR
540;PMVR/GEGOV/UNIPOP
541;PMVR/GM/CISP
542;PMVR/GUARDA MUNICIPAL/DEPOSITO MUNICIPAL DE VEÍCULOS
543;PMVR/NA HORA
544;PMVR/NA HORA/SINE
545;PMVR/OUVIDORIA GERAL
546;PMVR/PGM/PROCURADORIA ADMINISTRATIVA
547;PMVR/PGM/PROCURADORIA GERAL DO MUNICIPIO
548;PMVR/PMVR/ASSESSORIA TECNICA - PREFEITO
549;PMVR/PMVR/GABINETE DO PREFEITO
550;PMVR/PREFEI/PREFEITO
551;PMVR/SECOM/SECRETARIA MUNICIPAL DE COMUNICAÇÃO
552;PMVR/SEMEIA/S.E.M.E.I.A.
553;PMVR/SEPLAG/ASSESSORIA
554;PMVR/SEPLAG/ASSESSORIA ADMINISTRATIVA
555;PMVR/SEPLAG/CHEFE DE GABINETE
556;PMVR/SEPLAG/DEPARTAMENTO DE CONTROLE URBANISTICO
557;PMVR/SEPLAG/DEPARTAMENTO DE ORCAMENTO E CONTROLE
558;PMVR/SEPLAG/DIAPRO
559;PMVR/SEPLAG/DIVISAO DE ANALISE DE PROJETOS
560;PMVR/SEPLAG/DIVISAO DE CONTROLE ORCAMENTARIO
561;PMVR/SEPLAG/DIVISAO DE FISCALIZACAO
562;PMVR/SEPLAG/GABINETE DO SECRETARIO
563;PMVR/SEPLAG/GEOPROCESSAMENTO
564;PMVR/SEPLAG/MAPOTECA
565;PMVR/SEPLAG/ORÇAMENTO PARTICIPATIVO
566;PMVR/SEPLAG/SECAD
567;PMVR/SEPLAG/SECAO DE APROVACAO DE PROJETOS
568;PMVR/SEPLAG/SECAO DE CADASTRO
569;PMVR/SEPLAG/SECRETARIA MUNICIPAL DE PLANEJAMENTO
570;PMVR/SEPLAG/SMP - SUPLEMENTAR
571;PMVR/SESP/SECRETARIA DE SEGURANÇA PUBLICA
572;PMVR/SMA/ALMOXARIFADO DA ELÉTRICA
573;PMVR/SMA/ALMOXARIFADO DA OBRA
574;PMVR/SMA/ASSES.TEC.CONSULTIVA/CAPS
575;PMVR/SMA/CAPS (RUA 33)
576;PMVR/SMA/CAPS/RECEPÇÃO
577;PMVR/SMA/CCT-CENTRO DE CONTROLE TRANSITO
578;PMVR/SMA/CENTRAL DE RESGATE RETIRO
579;PMVR/SMA/CENTRAL DE RESGATE VILA SANTA CECÍLIA
580;PMVR/SMA/COMISSÃO DE INQUÉRITO
581;PMVR/SMA/DEM
582;PMVR/SMA/DEPARTAMENTO DE CONTROLE E MANUTENCAO - DCM
583;PMVR/SMA/DEPARTAMENTO DE MATERIAL - DM
584;PMVR/SMA/DEPARTAMENTO DE RECURSOS HUMANOS - DRH
585;PMVR/SMA/DEPARTAMENTO DE SEGURANCA PATRIMONIAL
586;PMVR/SMA/DEPARTAMENTO DE TELECOMUNICACAO - DETEL
587;PMVR/SMA/DEPARTAMENTO GERAL ADMINISTRATIVO - DGA
588;PMVR/SMA/DIV.DE ADM.FINANCEIRA/CAPS
589;PMVR/SMA/DIVISAO DE APOIO ADMINISTRATIVO - DAA
590;PMVR/SMA/DIVISAO DE MATERIAL DE EXPEDIENTE E EQUQIPAMENTOS
591;PMVR/SMA/DIVISAO DE MATERIAL ELETRICO E OBRAS - DME
592;PMVR/SMA/DIVISAO DE PATRIMONIO - DP
593;PMVR/SMA/DIVISAO DE PROTOCOLO E ARQUIVO - DPA
594;PMVR/SMA/DIVISAO DE SEGURANCA MUNICIPAL
595;PMVR/SMA/DIVISAO DE TELEFONIA E MANUTENCAO - DTM
596;PMVR/SMA/DIVISAO DE VIGILANCIA PATRIMONIAL
597;PMVR/SMA/DRH
598;PMVR/SMA/DRH/CPPAD
599;PMVR/SMA/FAPS
600;PMVR/SMA/GABINETE DO SECRETARIO - GS
601;PMVR/SMA/GUARDA MUNICIPAL
602;PMVR/SMA/GUARDA MUNICIPAL/SALA DE SEÇÃO DE GUARDA MUNICIPAL
603;PMVR/SMA/JUNTA MÉDICA
604;PMVR/SMA/PORTARIA/RECEPÇÃO
605;PMVR/SMA/PROCURADORIA GERAL EST. R/J-5 REGIONAL
606;PMVR/SMA/RISP
607;PMVR/SMA/SECAO DE ARTES GRAFICAS - SAG
608;PMVR/SMA/SECAO DE EXPEDIENTE
609;PMVR/SMA/SECAO DE PROTOCOLO GERAL - SeP
610;PMVR/SMA/SECAO DE TELECOMUNICACAO
611;PMVR/SMA/SECRETARIA M.DE ADMINISTRACAO
612;PMVR/SMA/SETOR DE ARQUIVO - STA
613;PMVR/SMA/SINDICATO
614;PMVR/SMA/SINDICATO DA PREFEITURA
615;PMVR/SMA/SUBPREFEITURA
616;PMVR/SMA/VR PREVIDENCIA
617;PMVR/SMAC/ALBERGUE MUNICIPAL SEU NADIM
618;PMVR/SMAC/ALMOXARIFADO
619;PMVR/SMAC/ALMOXARIFADO DE COMPRAS
620;PMVR/SMAC/ASSE.MONITORAMENTO E AVALIAÇÃO
621;PMVR/SMAC/ASSESSORIA DE MONITORAMENTO E INFORMAÇÃO
622;PMVR/SMAC/ASSESSORIA TECNICA
623;PMVR/SMAC/BALCAO DE ALIMENTOS (PÁTIO DA SMO)
624;PMVR/SMAC/BARRACÃO BLOCO DA VIDA (AO LADO DA SMO)
625;PMVR/SMAC/BLOCO DA VIDA
626;PMVR/SMAC/BOLSA FAMÍLIA
627;PMVR/SMAC/CAPED
628;PMVR/SMAC/CASA DA MULHER BERTHA LUTZ
629;PMVR/SMAC/CENTRO ACAO COMUNITARIA ACUDE
630;PMVR/SMAC/CENTRO ACAO COMUNITARIA AGUALIMPA
631;PMVR/SMAC/CENTRO AÇÃO COMUNITÁRIA BELO HORIZONTE
632;PMVR/SMAC/CENTRO ACAO COMUNITARIA CAIEIRAS
633;PMVR/SMAC/CENTRO ACAO COMUNITARIA MONTE CASTELO
634;PMVR/SMAC/CENTRO ACAO COMUNITARIA SANTA CRUZ
635;PMVR/SMAC/CENTRO ACAO COMUNITARIA SAO CARLOS
636;PMVR/SMAC/CENTRO AÇÃO COMUNITÁRIA SÃO LUIZ
637;PMVR/SMAC/CENTRO ACAO COMUNITARIA SIDERLANDIA
638;PMVR/SMAC/CENTRO ACAO COMUNITARIA STO AGOSTINHO
639;PMVR/SMAC/CENTRO ACAO COMUNITARIA VILA AMERICANA
640;PMVR/SMAC/CENTRO ACAO COMUNITARIA VILA BRASILIA
641;PMVR/SMAC/CENTRO ACAO COMUNITARIA VILA MURY
642;PMVR/SMAC/CENTRO ACAO COMUNITARIA VILA RICA
643;PMVR/SMAC/CENTRO ACAO COMUNITARIA VOLTA GRANDE
644;PMVR/SMAC/CENTRO CONVIVENCIA IDOSO - VG
645;PMVR/SMAC/CENTRO CONVIVENCIA IDOSO RUSTICO
646;PMVR/SMAC/CENTRO DE ALZHEIMER
647;PMVR/SMAC/CENTRO DE INCLUSÃO PRODUTIVA
648;PMVR/SMAC/CENTRO DE MONITORAMENTO E AVALIAÇÃO
649;PMVR/SMAC/CENTRO DE REFERENCIA E ASSISTENCIA SOCIAL SANTA RITA DE CASSIA
650;PMVR/SMAC/CENTRO DIA PARA IDOSOS
651;PMVR/SMAC/CENTRO ORIENTACAO AO MIGRANTE
652;PMVR/SMAC/CENTRO POP
653;PMVR/SMAC/CEPA - Centro de Educação e Produção Alimentar (Padre Josimo)
654;PMVR/SMAC/CEPA-Centro Integrado de Produção Alimentar (São Sebastião)
655;PMVR/SMAC/CIP
656;PMVR/SMAC/COMPRAS / TESOURARIA
657;PMVR/SMAC/COMUDA
658;PMVR/SMAC/CONSELHO MUNICIPAL DE ASSISTÊNCIA SOCIAL
659;PMVR/SMAC/CONSELHO MUNICIPAL DO IDOSO
660;PMVR/SMAC/CONTABILIDADE
661;PMVR/SMAC/COORDENADORIA MUNICIPAL DA MULHER
662;PMVR/SMAC/COZINHA SÃO SEBASTIÃO
663;PMVR/SMAC/CRAS AÇUDE
664;PMVR/SMAC/CRAS ÁGUA LIMPA
665;PMVR/SMAC/CRAS BELO HORIZONTE
666;PMVR/SMAC/CRAS BRASILÂNDIA
667;PMVR/SMAC/CRAS CAIEIRA
668;PMVR/SMAC/CRAS CANDELARIA
669;PMVR/SMAC/CRAS COQUEIROS
670;PMVR/SMAC/CRAS DOM BOSCO
671;PMVR/SMAC/CRAS JARDIM BELMONTE
672;PMVR/SMAC/CRAS JARDIM PONTE ALTA
673;PMVR/SMAC/CRAS MARIANA TORRES
674;PMVR/SMAC/CRAS MONTE CASTELO
675;PMVR/SMAC/CRAS NOVA PRIMAVERA
676;PMVR/SMAC/CRAS PADRE JOSIMO
677;PMVR/SMAC/CRAS RETIRO
678;PMVR/SMAC/CRAS ROMA I
679;PMVR/SMAC/CRAS ROMA II
680;PMVR/SMAC/CRAS RÚSTICO
681;PMVR/SMAC/CRAS SANTA CRUZ
682;PMVR/SMAC/CRAS SANTA RITA DE CASSIA
683;PMVR/SMAC/CRAS SÃO CARLOS
684;PMVR/SMAC/CRAS SÃO LUIZ
685;PMVR/SMAC/CRAS VERDE VALE
686;PMVR/SMAC/CRAS VILA AMERICANA
687;PMVR/SMAC/CRAS VILA MURY
688;PMVR/SMAC/CRAS VILA RICA (03 POÇOS)
689;PMVR/SMAC/CRAS VILA RICA (TIRADENTES)
690;PMVR/SMAC/CRAS VOLTA GRANDE
691;PMVR/SMAC/CREAS
692;PMVR/SMAC/DAPED
693;PMVR/SMAC/DEPARTAMENTO DE AVALIAÇÃO SERVIÇOS E SISTEMAS
694;PMVR/SMAC/DEPARTAMENTO DE PROTEÇÃO ESPECIAL
695;PMVR/SMAC/DEPARTAMENTO MATERIAL OBRA E VEÍCULO
696;PMVR/SMAC/DEPARTAMENTO PROTEÇÃO BÁSICA
697;PMVR/SMAC/DEPTO GERAL ADMINISTRATIVO
698;PMVR/SMAC/DISK IDOSO
699;PMVR/SMAC/DIV. DE APOIO AO DEFICIENTE
700;PMVR/SMAC/DIVISAO DE DEFESA E PROMOCAO DA MULHER
701;PMVR/SMAC/DMOV
702;PMVR/SMAC/FÁBRICA DE MATERIAL ESPORTIVO
703;PMVR/SMAC/FUNDO MUNICIPAL ASSISTÊNCIA SOCIAL
704;PMVR/SMAC/FUNERÁRIA
705;PMVR/SMAC/GABINETE DO SECRETARIO
706;PMVR/SMAC/PRAÇA CEU (VILA RICA)
707;PMVR/SMAC/SANTA CRUZ
708;PMVR/SMAC/SANTO AGOSTINHO
709;PMVR/SMAC/SEC.DE PROMOCAO SOCIAL/SPS
710;PMVR/SMAC/SECRETARIA MUNICIPAL DE ACAO COMUNITARIA
711;PMVR/SMAC/SETOR DOS CENTROS DE ACAO COMUNITARIA
712;PMVR/SMAC/SMAC SUPLEMENTAR
713;PMVR/SMAC/SUBPREFEITURA
714;PMVR/SMAC/TELECENTRO JOÃO XXIII
715;PMVR/SMAC/TELEMARKETING (PRÉDIO DA SMAC)
716;PMVR/SMAC/TESOURARIA
717;PMVR/SMC/BANDA MUNICIPAL
718;PMVR/SMC/BIBLIOTECA MUNICIPAL
719;PMVR/SMC/CHEFE DE GABINETE
720;PMVR/SMC/DEPARTAMENTO GERAL DE ADMINISTRACAO
721;PMVR/SMC/GABINETE DO SECRETARIO
722;PMVR/SMC/MEMORIAL EX COMBATENTES
723;PMVR/SMC/MEMORIAL ZUMBI
724;PMVR/SMC/SALÃO DE EXPOSIÇÃO
725;PMVR/SMC/SEC. MUNICIPAL DE CULTURA
726;PMVR/SMDET/CENTRO DE INFORMAÇÕES TURÍSTICAS
727;PMVR/SMDET/CENTRO DE INFORMAÇÕES TURÍSTICAS
728;PMVR/SMDET/COORD DE INDUS COMERCIO E TURISMO
729;PMVR/SMDET/DEPARTAMENTO GERAL ADMINISTRACAO
730;PMVR/SMDET/DGA
731;PMVR/SMDET/JUNTA COMERCIAL/JUCERJ
732;PMVR/SMDET/SALA DO EMPREENDEDOR
733;PMVR/SMDET/SEC. M. DE DESENVOLV. ECON. E TURISMO
734;PMVR/SMDET/SMDET/GERAL
735;PMVR/SMDET/UNIDADE DE ATENDIMENTO AO TRABALHADOR (VILA)
736;PMVR/SME/ASSESSORIA DE OBRAS
737;PMVR/SME/BANCA DE LEITURA/RETIRO
738;PMVR/SME/C M HERBERT DE SOUZA
739;PMVR/SME/C M MADRE TERESA DE CALCUTA
740;PMVR/SME/C.M. NORBERTO REDUZINO DE SA
741;PMVR/SME/C.M.ELZA BERTAZZO DE A LIMA
742;PMVR/SME/C.M.I.E ZILDA ARNS
743;PMVR/SME/C.M.MAHATMA GANDHI
744;PMVR/SME/COL PROF DELCE HORTA DELGADO
745;PMVR/SME/COL PROF THEMIS ALMEIDA VIEIRA
746;PMVR/SME/CONSELHO MUNICIPAL DE EDUCACAO
747;PMVR/SME/CRECHE ACALANTO
748;PMVR/SME/CRECHE ALKINDAR CÂNDIDO DA COSTA
749;PMVR/SME/CRECHE AYMAR MULLER TARANTO
750;PMVR/SME/CRECHE AYRTON SENA
751;PMVR/SME/CRECHE BARQUINHO DE PAPEL
752;PMVR/SME/CRECHE HEBERT DE SOUZA
753;PMVR/SME/CRECHE IRACEMA LEITE NADER - ROMA II
754;PMVR/SME/CRECHE JOSE FERREIRA DOS SANTOS
755;PMVR/SME/CRECHE M. ELZA BERTAZZO
756;PMVR/SME/CRECHE M.BOLINHA DE CRISTAL
757;PMVR/SME/CRECHE M.GOTINHAS DE AMOR
758;PMVR/SME/CRECHE M.MUNDO COLORIDIO
759;PMVR/SME/CRECHE M.RAIOZINHO DE SOL
760;PMVR/SME/CRECHE M.TEMPO DE CRIANCA
761;PMVR/SME/CRECHE MADRE TEREZA DE CALCUTÁ
762;PMVR/SME/CRECHE MARIA CLARA MACHADO
763;PMVR/SME/CRECHE MARIO DE JESUS PALHETA
764;PMVR/SME/CRECHE MUNIC.AMOR PERFEITO
765;PMVR/SME/CRECHE MUNIC.NOSSO ESPACO
766;PMVR/SME/CRECHE MUNICIPAL - DOCE MEL
767;PMVR/SME/CRECHE MUNICIPAL - FLORESCER
768;PMVR/SME/CRECHE MUNICIPAL - GIRASSOL
769;PMVR/SME/CRECHE MUNICIPAL ARACY DI BIASE
770;PMVR/SME/CRECHE NORBERTO REDUZINO DE SÁ
771;PMVR/SME/CRECHE TEREZINHA DUARTE
772;PMVR/SME/CRECHE ZE DO AÇO
773;PMVR/SME/DEPARTAMENTO GERAL ADMINISTRATIVO
774;PMVR/SME/DIVISAO ADMINISTRATIVA
775;PMVR/SME/E.M. AMARAL PEIXOTO
776;PMVR/SME/E.M. AMAZONAS
777;PMVR/SME/E.M. BAHIA
778;PMVR/SME/E.M. CARLOS SARKIS
779;PMVR/SME/E.M. CEARA
780;PMVR/SME/E.M. CONDADO DO IPE
781;PMVR/SME/E.M. DAMIAO MEDEIROS
782;PMVR/SME/E.M. DAYSE MANSUR COSTA LIMA
783;PMVR/SME/E.M. DR. HILTON ROCHA
784;PMVR/SME/E.M. ENG. SERGIO DE ANDRADE ROCHA
785;PMVR/SME/E.M. ENGENHEIRO SERGIO DE ANDRADE ROCHA
786;PMVR/SME/E.M. ESPIRITO SANTO
787;PMVR/SME/E.M. FERNANDO DE NORONHA
788;PMVR/SME/E.M. GETULIO VARGAS
789;PMVR/SME/E.M. GOIAS
790;PMVR/SME/E.M. GRACIEMA COURA
791;PMVR/SME/E.M. JAYME DE S. MARTINS
792;PMVR/SME/E.M. JESUS MENINO
793;PMVR/SME/E.M. JIULIO CARUSO
794;PMVR/SME/E.M. JOAO HASSIS
795;PMVR/SME/E.M. JOÃO PAULO I
796;PMVR/SME/E.M. JOAO PAULO PIO DE ABREU
797;PMVR/SME/E.M. JONH KENNEDY
798;PMVR/SME/E.M. JOSE FONTES TORRES
799;PMVR/SME/E.M. JOSE JUAREZ ANTUNES
800;PMVR/SME/E.M. LIONS CLUBE
801;PMVR/SME/E.M. MAESTRO FRANKLIN DE C. JUNIOR
802;PMVR/SME/E.M. MARIA CARRARO
803;PMVR/SME/E.M. MARIA JOSE C. COSTA
804;PMVR/SME/E.M. MARIA ROSA RODRIGUES
805;PMVR/SME/E.M. MARIO VILANI
806;PMVR/SME/E.M. MARIZINHA F. T. DE LIMA
807;PMVR/SME/E.M. MATO GROSSO
808;PMVR/SME/E.M. MATO GROSSO DO SUL
809;PMVR/SME/E.M. MIGUEL COUTO FILHO
810;PMVR/SME/E.M. NILTON PENNA BOTELHO
811;PMVR/SME/E.M. OTHON REIS FERNANDES
812;PMVR/SME/E.M. PALMARES
813;PMVR/SME/E.M. PARA
814;PMVR/SME/E.M. PARAIBA
815;PMVR/SME/E.M. PAULO FREIRE
816;PMVR/SME/E.M. PAULO FREIRE
817;PMVR/SME/E.M. PAULO VI
818;PMVR/SME/E.M. PERNAMBUCO
819;PMVR/SME/E.M. PROF ANTONIETTA M BASTOS
820;PMVR/SME/E.M. PROF. LUIZ CANTANHEDE DE ALMEIDA
821;PMVR/SME/E.M. PROF. LUND FERNANDES VILLELA
822;PMVR/SME/E.M. PROF.DOMINGOS MAIA
823;PMVR/SME/E.M. PROF.JURACY VANRANDA DE A. GOMES
824;PMVR/SME/E.M. PROF.MARLENE MENDES DE CASTRO
825;PMVR/SME/E.M. RORAIMA
826;PMVR/SME/E.M. RUBEM MACHADO
827;PMVR/SME/E.M. SAO FRANCISCO DE ASSIS
828;PMVR/SME/E.M. SERGIPE
829;PMVR/SME/E.M. TOCANTINS
830;PMVR/SME/E.M. VALMIR FREITAS MONTEIRO
831;PMVR/SME/E.M. WALDIR BEDE
832;PMVR/SME/E.M. WANDIR DE CARVALHO
833;PMVR/SME/E.M. WLADIR DE SOUZA TELLES
834;PMVR/SME/FUNDO MUNICIPAL DE EDUCACAO
835;PMVR/SME/GABINETE DO SECRETARIO
836;PMVR/SME/J.I.M ALBERT SABIN
837;PMVR/SME/J.I.M ALZIRA VARGAS
838;PMVR/SME/J.I.M. BALAOZINHO VERMELHO
839;PMVR/SME/J.I.M. BEM-ME-QUER
840;PMVR/SME/J.I.M. BRANCA DE NEVE
841;PMVR/SME/J.I.M. CINDERELA
842;PMVR/SME/J.I.M. CIRANDINHA
843;PMVR/SME/J.I.M. CORA CORALINA
844;PMVR/SME/J.I.M. MONTEIRO LOBATO
845;PMVR/SME/J.I.M. OSCAR RODRIGUES CARDOSO (CARDOSINHO)
846;PMVR/SME/J.I.M. PINGUINHO DE GENTE
847;PMVR/SME/J.I.M. PURURUCA
848;PMVR/SME/J.I.M. RECANTO INFANTIL
849;PMVR/SME/J.I.M. ZILDA ARNS
850;PMVR/SME/MERENDA ESCOLAR
851;PMVR/SME/PROJETO VOLTA REDONDA CIDADE DA MÚSICA
852;PMVR/SME/PROJOVEM
853;PMVR/SME/SECAO DE CRECHES
854;PMVR/SME/SECRETARIA MUNICIPAL DE EDUCACAO
855;PMVR/SME/SEDE
856;PMVR/SME/SÍTIO ESCOLA
857;PMVR/SME/TELEFONISTA
858;PMVR/SMEL/ACADEMIA DA TERCEIRA IDADE
859;PMVR/SMEL/DEPARTAMENTO DE ESPORTE
860;PMVR/SMEL/DEPARTAMENTO DE LAZER
861;PMVR/SMEL/DGA
862;PMVR/SMEL/ESTÁDIO/ACADEMIA DA VIDA
863;PMVR/SMEL/ESTÁDIO/ACADEMIA DE MUSCULAÇÃO
864;PMVR/SMEL/ESTÁDIO/ACESSO BRANCO
865;PMVR/SMEL/ESTÁDIO/ADMINISTRAÇÃO
866;PMVR/SMEL/FÁBRICA DE MATERIAL ESPORTIVO
867;PMVR/SMEL/GABINETE DO SECRETARIO
868;PMVR/SMEL/GIN.POLIESPORTIVO-249
869;PMVR/SMEL/GINÁSIO 249
870;PMVR/SMEL/GINASIO AMARO INACIO/SMEL
871;PMVR/SMEL/GINÁSIO ILHA SÃO JOÃO
872;PMVR/SMEL/GINÁSIO SANTA CRUZ
873;PMVR/SMEL/GINÁSIO SANTO AGOSTINHO
874;PMVR/SMEL/GINÁSIO SÃO GERALDO
875;PMVR/SMEL/GINÁSIO SIDERLÂNDIA
876;PMVR/SMEL/GINÁSIO VILA RICA
877;PMVR/SMEL/MINI ESTÁDIO
878;PMVR/SMEL/PARQUE AQUATICO
879;PMVR/SMEL/PISTA DE SKATE
880;PMVR/SMEL/SECAO DE ESTADIO
881;PMVR/SMEL/SECRETARIA MUNICIPAL DE ESPORTE E LAZER
882;PMVR/SMF/DEPARTAMENTO DE ATIV. ECON. E SOCIAIS - DS
883;PMVR/SMF/DEPARTAMENTO DE COBR. ADMINIST DA DIVIDA ATIVA - DA
884;PMVR/SMF/DEPARTAMENTO DE FINANCAS E CONTROLE - DF
885;PMVR/SMF/DEPARTAMENTO DE IMPOSTOS IMOBILIARIOS - DI
886;PMVR/SMF/DEPARTAMENTO DE IMPOSTOS MOBILIARIOS - DM
887;PMVR/SMF/DIV.DE CONTABILIDADE - DCT
888;PMVR/SMF/DIV.DE TESOURARIA - DTS
889;PMVR/SMF/DIVISAO DA DIVIDA ATIVA - DDA
890;PMVR/SMF/DIVISAO DE CADASTRO IMOBILIARIO E ARRECADACAO - DC
891;PMVR/SMF/DIVISAO DE CADASTRO MOBILIARIO E ARRECADACAO - DCM
892;PMVR/SMF/DIVISAO DE FISCALIZACAO DE IMPOST IMOBILIARIO - DF
893;PMVR/SMF/DIVISAO GERAL DE ADMINISTRACAO - DGA
894;PMVR/SMF/GABINETE DO SECREATARIO   GS
895;PMVR/SMF/JUNTA DE RECUROS FISCAIS  JRF
896;PMVR/SMF/SECRETARIA MUNICIPAL DE FAZENDA
897;PMVR/SMF/SUBPREFEITURA
898;PMVR/SMF/TELEMARKETING (PRÉDIO DA SMAC)
899;PMVR/SMI/DA/Divisao de Controle de Estoque - DE
900;PMVR/SMI/DA/Divisao de Controle Operacional- DCO
901;PMVR/SMI/DEIP/Divisao de Implantacao - DI
902;PMVR/SMI/DEIP/Divisao de Medicao e Apropriacao - DMA
903;PMVR/SMI/DEIP/Divisao de Projetos – DP
904;PMVR/SMI/Departamento de Almoxarifado - DA
905;PMVR/SMI/Departamento de Energia e Iluminacao Publica – DEIP
906;PMVR/SMI/Departamento de Funeraria– DF
907;PMVR/SMI/Departamento de Maquinas e Veiculos– DMV
908;PMVR/SMI/Departamento de Obras - DO
909;PMVR/SMI/Departamento de Parques e Jardins - DPJ
910;PMVR/SMI/Departamento de Pre Moldados - DPM
911;PMVR/SMI/Departamento de Servicos Publicos – DSP
912;PMVR/SMI/Departamento Geral de Administracao – DGA
913;PMVR/SMI/DF/Divisao Administrativa e Financeira - DAF
914;PMVR/SMI/DF/Divisao de Cemiterio - DC
915;PMVR/SMI/DF/Divisao de Manutencao- DCM
916;PMVR/SMI/DF/Divisao de Medicao e Apropriacao - DMA
917;PMVR/SMI/DGA/Divisao Administrativa - DA
918;PMVR/SMI/DGA/Divisao de Apoio Operacional - DAO
919;PMVR/SMI/DGA/Divisao de Medicao e Apropriacao - DMA
920;PMVR/SMI/DGA/Divisao de Servicos Gerais - DSG
921;PMVR/SMI/DMV/Divisao Controle Operacional - DCO
922;PMVR/SMI/DMV/Divisao de Manutencao - DM
923;PMVR/SMI/DMV/Divisao de Medicao e Apropriacao - DMA
924;PMVR/SMI/DO/Divisao de Apoio Operacional - DAO
925;PMVR/SMI/DO/Divisao de Medicao e Apropriacao - DMA
926;PMVR/SMI/DO/Divisao de Obras Publicas - DOP
927;PMVR/SMI/DO/Divisao de Pavimentacao - DP
928;PMVR/SMI/DO/Divisao Tecnica - DT
929;PMVR/SMI/DPJ/Divisao de Arborizacao e Reflorestamento – DAR
930;PMVR/SMI/DPJ/Divisao de Areas Verdes– DAV
931;PMVR/SMI/DPJ/Divisao de Conservacao de Proprios Municipais - DCPM
932;PMVR/SMI/DPJ/Divisao de Medicao e Apropriacao - DMA
933;PMVR/SMI/DPJ/Divisao de Paisagismo - DP
934;PMVR/SMI/DPJ/Divisao de Pomares - DPo
935;PMVR/SMI/DPM/Divisao de Controle e Estudos - DCE
936;PMVR/SMI/DPM/Divisao Industrial - DI
937;PMVR/SMI/DSP/Divisao de Coleta - DC
938;PMVR/SMI/DSP/Divisao de Manutencao de Fontes e Chafarizes - DMFC
939;PMVR/SMI/DSP/Divisao de Papeleiras e Placas - DPC
940;PMVR/SMI/DSP/Divisao de Servicos Urbanos - DSU
941;PMVR/SMI/DSP/Divisao de Varricao - DV
942;PMVR/SMIDH/SECRETARIA MUNICIPAL DE POLITICAS PUBLICAS PARA MULHERES
943;PMVR/SMMAMBIENTE/AGRICULTURA
944;PMVR/SMMAMBIENTE/ANÁLISE ATMOSFÉRICA
945;PMVR/SMMAMBIENTE/ANÁLISE DE PROJETOS
946;PMVR/SMMAMBIENTE/ASSESSORIA DE PROJETOS
947;PMVR/SMMAMBIENTE/ASSESSORIA DE PROJETOS AMBIENTAIS
948;PMVR/SMMAMBIENTE/ASSESSORIA TÉCNICA
949;PMVR/SMMAMBIENTE/CHEFE DE GABINETE
950;PMVR/SMMAMBIENTE/COPA
951;PMVR/SMMAMBIENTE/DCA
952;PMVR/SMMAMBIENTE/DEPTO.PESSOAL
953;PMVR/SMMAMBIENTE/DGA
954;PMVR/SMMAMBIENTE/DIRETORIA AÇÕES AMBIENTAIS
955;PMVR/SMMAMBIENTE/DRH
956;PMVR/SMMAMBIENTE/GAB.SECRETÁRIO
957;PMVR/SMMAMBIENTE/GABINETE DO SECRETÁRIO
958;PMVR/SMMAMBIENTE/QUALIDADE DO AR
959;PMVR/SMMAMBIENTE/RECEPÇÃO
960;PMVR/SMMAMBIENTE/RECEPÇÃO
961;PMVR/SMMAMBIENTE/RECICLAR VR
962;PMVR/SMMAMBIENTE/SALA DOS FISCAIS
963;PMVR/SMMAMBIENTE/SEÇÃO PROTOCOLO AMBIENTAL
964;PMVR/SMMAMBIENTE/SMMAMBIENTE
965;PMVR/SMMAMBIENTE/TELEFONISTA
966;PMVR/SMMAMBIENTE/TELEFONISTA
967;PMVR/SMMAMBIENTE/ZOOLOGICO
968;PMVR/SMS/ALMOXARIFADO
969;PMVR/SMS/AMBULÂNCIA (MANUTENÇÃO)
970;PMVR/SMS/APE: ASSESSORIA PROGRAMAS ESPECIAIS
971;PMVR/SMS/ÁREA TÉCNICA DOS DISTRITOS
972;PMVR/SMS/ARH (DISTRITOS SANTÁRIOS)
973;PMVR/SMS/ARQUIVO GERAL
974;PMVR/SMS/ASSESSORIA DE COMUNICAÇÃO
975;PMVR/SMS/ATDRH
976;PMVR/SMS/AUDITORIA - SUPERVISÃO
977;PMVR/SMS/CA-I
978;PMVR/SMS/CABS (ANEXO PRÉDIO VIGILÂNCIA)
979;PMVR/SMS/CAIS - ATERRADO
980;PMVR/SMS/CAIS - CONFORTO
981;PMVR/SMS/CAPS AD
982;PMVR/SMS/CAPS SERGIO FRITSCH (JD. BELVEDERE)
983;PMVR/SMS/CAPS- VILA ESPERANÇA
984;PMVR/SMS/CARTÃO SUS
985;PMVR/SMS/CASA DE SAÚDE VOLTA REDONDA
986;PMVR/SMS/CEMAC - COORDENAÇÃO DA MEDIA E ALTA COMPLEXIDADE
987;PMVR/SMS/CENTRAL DE ABASTECIMENTO
988;PMVR/SMS/CENTRAL DE AMBULÂNCIA
989;PMVR/SMS/CENTRAL DE AMBULÂNCIA/SAMU (VILA RICA)
990;PMVR/SMS/CENTRAL DE CONSULTAS
991;PMVR/SMS/CENTRAL DE MARCAÇÃO
992;PMVR/SMS/CENTRAL DE REGULAÇÃO DO ESTADO
993;PMVR/SMS/CENTRO AMBULATORIAL DO ATERRADO I
994;PMVR/SMS/CENTRO DE CONTROLE ZOONOSE
995;PMVR/SMS/CENTRO DE ESPECIALIDADES MÉDICAS RETIRO
996;PMVR/SMS/CENTRO DE ESPECIALIDADES MÉDICAS VILA SANTA CECÍLIA
997;PMVR/SMS/CENTRO DE IMAGENS
998;PMVR/SMS/CENTRO DE IMAGENS - POLICLINICA DA CIDADANIA
999;PMVR/SMS/CENTRO ESPE.S.AGOSTINHO
1000;PMVR/SMS/CENTRO ESPEC.JD.BELMONTE
1001;PMVR/SMS/CENTRO ESPEC.RETIRO
1002;PMVR/SMS/CENTRO ESPEC.VILA S.CECÍLIA
1003;PMVR/SMS/CENTRO ESPECIALIZADO DE REABILITAÇÃO
1004;PMVR/SMS/CENTRO MUN SAUDE TRABALHADOR
1005;PMVR/SMS/CENTRO MUNIC CRIANCA E ADOLESCENTE - VIVA VIDA
1006;PMVR/SMS/CENTRO MUNIC. DE SAUDE DA MULHER
1007;PMVR/SMS/CENTRO MUNICIPAL DE DIAGNOSE
1008;PMVR/SMS/CENTRO OFTALMOLOGICO (ESTÁDIO DA CIDADANIA)
1009;PMVR/SMS/CENTRO PROM SAUDE SAO GERALDO
1010;PMVR/SMS/CENTRO REF DOENCAS INFECCIOSAS
1011;PMVR/SMS/CLINICA ODONDOLOG.DO RETIRO
1012;PMVR/SMS/CLINICA ODONTOL.DO ATERRADO
1013;PMVR/SMS/CLÍNICA ODONTOLÓGICA CONFORTO
1014;PMVR/SMS/CLÍNICA ODONTOLÓGICA CONFORTO
1015;PMVR/SMS/CLÍNICA ODONTOLÓGICA EUCALIPTAL
1016;PMVR/SMS/CLÍNICA ODONTOLÓGICA JD TIRADENTES
1017;PMVR/SMS/CLÍNICA ODONTOLÓGICA SANTA CRUZ
1018;PMVR/SMS/CLÍNICA ODONTOLÓGICA SANTO AGOSTINHO
1019;PMVR/SMS/CLÍNICA ODONTOLÓGICA SIDERLÂNDIA
1020;PMVR/SMS/CLÍNICA ODONTOLÓGICA V.BRASÍLIA
1021;PMVR/SMS/CLÍNICA ODONTOLÓGICA VILA RICA
1022;PMVR/SMS/COMISSÃO MEDICAMENTO ESPECIAL (PRÉDIO DO CARTÃO SUS)
1023;PMVR/SMS/COMISSÃO MUNICIPAL DE DEMANDA EM SAÚDE
1024;PMVR/SMS/CONSÓRCIO INTERMUNICIPAL DE SAÚDE
1025;PMVR/SMS/CONTABILIDADES
1026;PMVR/SMS/COORDENAÇÃO
1027;PMVR/SMS/COORDENAÇÃO DE PROGRAMAS
1028;PMVR/SMS/COORDENAÇÃO SAÚDE MENTAL
1029;PMVR/SMS/DDP-DEPART DESENVOLVIMENTO DE PROGRAMAS
1030;PMVR/SMS/DGA-DEPART.GERAL DE ADMINISTRAÇÃO
1031;PMVR/SMS/DIGITAÇÃO DOS DISTRITOS
1032;PMVR/SMS/DIPA
1033;PMVR/SMS/DIPA-DEPART INF PROG AVAL E CONTROLE
1034;PMVR/SMS/DIPA/MARCAÇÃO DE CONSULTAS
1035;PMVR/SMS/DISK CONSULTA
1036;PMVR/SMS/DISTRITO REGIONAL I
1037;PMVR/SMS/DISTRITO REGIONAL II
1038;PMVR/SMS/DISTRITO REGIONAL III
1039;PMVR/SMS/DISTRITO REGIONAL IV
1040;PMVR/SMS/DISTRITO SANITÁRIO (I II III IV-GERAL)
1041;PMVR/SMS/DISTRITO SANITÁRIO NORTE
1042;PMVR/SMS/DISTRITO SANITÁRIO SUL
1043;PMVR/SMS/DISTRITOS SANITÁRIOS (ADMINISTRAÇÃO)
1044;PMVR/SMS/DIVISAO DE ADMINISTRACAO
1045;PMVR/SMS/DIVISAO DE FISCALIZACAO SANITARIA
1046;PMVR/SMS/DIVISAO DE PROGRAMAS E AVALIACAO
1047;PMVR/SMS/DIVISAO DE RECURSOS HUMANOS
1048;PMVR/SMS/DRH
1049;PMVR/SMS/EDUCAÇÃO EM SAÚDE/BIBLIOTECA VIRTUAL (ESTÁDIO)
1050;PMVR/SMS/EPIDEMIOLOGIA
1051;PMVR/SMS/ESPAÇO DE CUIDADO EM SAÚDE - CONFORTO
1052;PMVR/SMS/FÁBRICA DE ÓCULOS
1053;PMVR/SMS/FARMÁCIA DE ALTO CUSTO
1054;PMVR/SMS/FARMÁCIA MUNICIPAL CENTRAL
1055;PMVR/SMS/FARMÁCIA POPULAR ATERRADO
1056;PMVR/SMS/FARMÁCIA POPULAR RETIRO
1057;PMVR/SMS/FISCALIZAÇÃO SANITÁRIA
1058;PMVR/SMS/FISIOTERAPIA/ESTADIO (CEMUF)
1059;PMVR/SMS/FOLLOW UP
1060;PMVR/SMS/FUNDO MUNICIPAL DE SAUDE
1061;PMVR/SMS/GABINETE DO SECRETARIO
1062;PMVR/SMS/GABINETE DO SECRETÁRIO/CONTROLE INTERNO
1063;PMVR/SMS/GARAGEM
1064;PMVR/SMS/GERÊNCIA FINANCEIRA
1065;PMVR/SMS/GRÁFICA
1066;PMVR/SMS/HOSPITAL DE CAMPANHA
1067;PMVR/SMS/HOSPITAL DO IDOSO
1068;PMVR/SMS/LABORATORIO - ATERRADO
1069;PMVR/SMS/LABORATORIO - RETIRO
1070;PMVR/SMS/LICITAÇÃO
1071;PMVR/SMS/MANUTENÇÃO
1072;PMVR/SMS/MÉDIA ALTA COMPLEXIDADE/PRÉDIO DA SMS
1073;PMVR/SMS/MÉDIA ALTA COMPLEXIDADE/PRÉDIO DO CARTÃO SUS
1074;PMVR/SMS/MOD SAUDE FAMILIA PADRE JOSIMO
1075;PMVR/SMS/MOD SAUDE FAMILIA SAO CARLOS
1076;PMVR/SMS/MOD SAUDE FAMILIA STRITA ZARUR
1077;PMVR/SMS/MOD SAUDE FAMILIAMARIANATORRES
1078;PMVR/SMS/MÓDULO ODONTOLÓGICO VILA BRASÍLIA
1079;PMVR/SMS/NAPS
1080;PMVR/SMS/NASF
1081;PMVR/SMS/NASF VOLTA GRANDE
1082;PMVR/SMS/NÚCLEO ASS.SOCIAL E FAMÍLIA/S.AGOSTINHO
1083;PMVR/SMS/NUCLEO DE ATENCAO PSICOSSOCIAL
1084;PMVR/SMS/NÚCLEO DE DIGITAÇÃO/D.SANITÁRIO
1085;PMVR/SMS/NÚCLEO DESCENTRALIZADO DE VIGILÂNCIA E SAÚDE
1086;PMVR/SMS/NÚCLEO DESENTRALIZADO DE VIGILÂNCIA E SAÚDE
1087;PMVR/SMS/OTICA DA CIDADANIA
1088;PMVR/SMS/OUVIDORIA
1089;PMVR/SMS/PAISMCA SISVAN/BOLSA FAMÍLIA
1090;PMVR/SMS/PATRIMÔNIO
1091;PMVR/SMS/POLICLÍNICA DA CIDADANIA
1092;PMVR/SMS/POLICLÍNICA DA MELHOR IDADE
1093;PMVR/SMS/POLICLÍNICA DA MULHER DR.JÚLIO PEREIRA GOMES
1094;PMVR/SMS/POLO DOS OSTOMIZADOS
1095;PMVR/SMS/POSTO DE SAÚDE AÇUDE II
1096;PMVR/SMS/POSTO DE SAUDE BELMONTE II
1097;PMVR/SMS/POSTO DE SAUDE BELO HORIZONTE II
1098;PMVR/SMS/POSTO DE SAÚDE DA FAMÍLIA JARDIM BELMONTE
1099;PMVR/SMS/POSTO DE SAUDE DA FAMÍLIA PONTE ALTA
1100;PMVR/SMS/POSTO DE SAÚDE EUCALIPTAL I
1101;PMVR/SMS/POSTO DE SAÚDE EUCALIPTAL II
1102;PMVR/SMS/POSTO DE SAÚDE JARDIM BELMONTE
1103;PMVR/SMS/POSTO DE SAÚDE JARDIM PARAÍBA
1104;PMVR/SMS/POSTO DE SAÚDE JD. BELVEDERE
1105;PMVR/SMS/POSTO DE SAÚDE JD.CIDADE AÇO
1106;PMVR/SMS/POSTO DE SAÚDE MARIANA TORRES
1107;PMVR/SMS/POSTO DE SAÚDE NOVA PRIMAVERA
1108;PMVR/SMS/POSTO DE SAUDE PONTE ALTA
1109;PMVR/SMS/POSTO DE SAÚDE ROMA I
1110;PMVR/SMS/POSTO DE SAÚDE ROMA II
1111;PMVR/SMS/POSTO DE SAÚDE SANTA RITA DO ZARUR
1112;PMVR/SMS/POSTO DE SAÚDE SÃO CARLOS
1113;PMVR/SMS/POSTO DE SAUDE SÃO GERALDO
1114;PMVR/SMS/POSTO DE SAÚDE SÃO LUCAS
1115;PMVR/SMS/POSTO DE SAÚDE SIDERÓPOLIS
1116;PMVR/SMS/POSTO DE SAÚDE TRÊS POÇOS (UNIFOA)
1117;PMVR/SMS/POSTO DE SAÚDE VERDE VALE
1118;PMVR/SMS/POSTO DE SAÚDE VILA MURY
1119;PMVR/SMS/POSTO DE SAÚDE VILA RICA (JARDIM TIRADENTES)
1120;PMVR/SMS/POSTO DE SAÚDE VILA RICA/TRÊS POÇOS
1121;PMVR/SMS/PROGRAMA DE EPIDEMIOLOGIA
1122;PMVR/SMS/PROGRAMA DE INTERNACAO DOMICILIAR - PID
1123;PMVR/SMS/PROGRAMA DE SAUDE MENTAL
1124;PMVR/SMS/PROGRAMA EDUCACAO EM SAUDE
1125;PMVR/SMS/PROGRAMA SAÚDE BUCAL
1126;PMVR/SMS/PROGRAMA SAÚDE DA FAMÍLIA (SEDE DA SMS)
1127;PMVR/SMS/PROGRAMA SAUDE DO TRABALHADOR
1128;PMVR/SMS/PROTOCOLO
1129;PMVR/SMS/RESIDENCIA TERAPEUTICA-CASA DE PEDRA
1130;PMVR/SMS/RESIDENCIA TERAPEUTICA-JD.BELVEDERE
1131;PMVR/SMS/RESIDENCIA TERAPEUTICA-JD.TIRADENTES
1132;PMVR/SMS/RESIDENCIA TERAPEUTICA-RETIRO
1133;PMVR/SMS/RESIDENCIA TERAPEUTICA-SAO LUIZ
1134;PMVR/SMS/RESIDENCIA TERAPEUTICA-VILA STA CECILIA
1135;PMVR/SMS/SAD - SERVIÇO DE ATENÇÃO DOMICILIAR
1136;PMVR/SMS/SECAO DE COMBATE A VETORES
1137;PMVR/SMS/SECAO DE FISCALIZACAO SANITARIA
1138;PMVR/SMS/SEÇÃO DE MANUTENÇÃO - GARAGEM DA SMS
1139;PMVR/SMS/SECAO DE MANUTENCAO E CONTROLE DE VEICULOS
1140;PMVR/SMS/SECAO DE MATERIAL PATRIMONIAL
1141;PMVR/SMS/SECRETARIA MUNICIPAL DE SAUDE
1142;PMVR/SMS/SERVICO AUTONOMO HOSPITALAR
1143;PMVR/SMS/SETOR ADMINISTRATIVO
1144;PMVR/SMS/SETOR ALMOXARIFADO
1145;PMVR/SMS/SETOR COMPRAS
1146;PMVR/SMS/STI - SISTEMA DE TECNOLOGIA E INFORMAÇÃO
1147;PMVR/SMS/SUPERINTENDÊNCIA DE ADMINISTRAÇÃO E LOGÍSTICA
1148;PMVR/SMS/SUPERINTENDENCIA DE ATENÇAO A SAUDE
1149;PMVR/SMS/SUPERINTENDÊNCIA DE GESTÃO EM TRABALHO E EDUCAÇÃO EM SAÚDE
1150;PMVR/SMS/SUPERINTENDENCIA DE TECNOLOGIA DA INFORMAÇÃO
1151;PMVR/SMS/TELEFONIA
1152;PMVR/SMS/TELESAÚDE (ESTÁDIO DA CIDADANIA)
1153;PMVR/SMS/TESOURARIA
1154;PMVR/SMS/TFD-TRATAM.FORA DOMICÍLIO
1155;PMVR/SMS/U B SAUDE 249
1156;PMVR/SMS/U B SAUDE ACUDE I
1157;PMVR/SMS/U B SAUDE AGUA LIMPA
1158;PMVR/SMS/U B SAUDE BELMONTE
1159;PMVR/SMS/U B SAUDE BELO HORIZONTE
1160;PMVR/SMS/U B SAUDE CAIEIRAS
1161;PMVR/SMS/U B SAUDE CANDELARIA
1162;PMVR/SMS/U B SAUDE CASA DE PEDRA-SIDERÓPOLIS
1163;PMVR/SMS/U B SAUDE CIDADE DO A?O
1164;PMVR/SMS/U B SAUDE CONFORTO
1165;PMVR/SMS/U B SAUDE COQUEIRO
1166;PMVR/SMS/U B SAUDE DOM BOSCO
1167;PMVR/SMS/U B SAUDE EUCALIPTAL
1168;PMVR/SMS/U B SAUDE MONTE CASTELO
1169;PMVR/SMS/U B SAUDE PADRE JOSIMO
1170;PMVR/SMS/U B SAUDE RETIRO
1171;PMVR/SMS/U B SAUDE RUSTICO
1172;PMVR/SMS/U B SAUDE SANTA CRUZ
1173;PMVR/SMS/U B SAUDE SANTA RITA DO ZARUR
1174;PMVR/SMS/U B SAUDE SANTO AGOSTINHO
1175;PMVR/SMS/U B SAUDE SAO JOAO
1176;PMVR/SMS/U B SAUDE SAO LUIZ
1177;PMVR/SMS/U B SAUDE SIDERLANDIA
1178;PMVR/SMS/U B SAUDE TRES POCOS
1179;PMVR/SMS/U B SAUDE VILA AMERICANA
1180;PMVR/SMS/U B SAUDE VILA BRASILIA
1181;PMVR/SMS/U B SAUDE VILA MURY
1182;PMVR/SMS/U B SAUDE VOLTA GRANDE
1183;PMVR/SMS/UBS CONFORTO
1184;PMVR/SMS/UPA SANTA CRUZ
1185;PMVR/SMS/UPA SANTO AGOSTINHO
1186;PMVR/SMS/USINA DE SONHOS
1187;PMVR/SMS/VIGILÂNCIA SANITÁRIA
1188;PMVR/SMS/VIVA A VIDA
1189;PMVR/STMU/ALMOXARIFADO
1190;PMVR/STMU/CCT/CENTRO DE CONTROLE DE TRÂNSITO
1191;PMVR/STMU/CONTABILIDADE
1192;PMVR/STMU/DEPARTAMENTO DE TRANSPORTE
1193;PMVR/STMU/DEPARTAMENTO PESSOAL
1194;PMVR/STMU/DTT
1195;PMVR/STMU/FISCALIZACAO
1196;PMVR/STMU/GABINETE DO DIRETOR-PRESIDENTE
1197;PMVR/STMU/JARI
1198;PMVR/STMU/MINI CIDADE DE TRANSITO
1199;PMVR/STMU/SEÇÃO DE EXPEDIENTE
1200;PMVR/STMU/SEÇÃO DE PESSOAL
1201;PMVR/STMU/SEÇÃO DE PINTURA
1202;PMVR/STMU/SUSER/CITTRANS - Centro Integrado de Transporte e Trânsito
1203;PMVR/STMU/SUSER/VR
1204;PMVR/STMU/TELEFONISTA
1205;PMVR/STMU/TESOURARIA
1206;PMVR/UNIDADE GESTORA LOCAL (UGL)
1207;REPETIDORA BELO HORIZONTE
1208;REPETIDORA EMBRATEL
1209;REPETIDORA MARIANA TORRES
1210;REPETIDORA NOVA SAO LUIZ
1211;REPETIDORA PORTAL SAUDADE
1212;REPETIDORA SAAE BELA VISTA
1213;REPETIDORA TIM CAVIANA
1214;REPETIDORA TIM CEMITERIO
1215;REPETIDORA TIM RETIRO
1216;REPETIDORA TORRE DE TV
1217;S.A.A.E/ASSESSORIA ADMIN E REC HUMANOS
1218;S.A.A.E/BELA VISTA
1219;S.A.A.E/BELMONTE
1220;S.A.A.E/COQUEIROS
1221;S.A.A.E/LARANJAL
1222;S.A.A.E/RESERVATORIO-DE-AGUA-P5126-172.25.1.192
1223;S.A.A.E/SUPERVISAO DE SERVIÇOS GERAIS
1224;S.A.A.E/VOLDAC
1225;SAH/SERVICOS GERAIS
1226;UNIDADE PREFEITURA MAIS PRESENTE - SIDEROPOLIS
